Month,diff
1,9.10542481934867
2,7.270101233459321
3,6.8766346653839046
4,4.119061030019768
5,2.497643075963502
6,0.7891530403285572
7,1.0813810915285615
8,1.4191135193455087
9,2.3893617927144373
10,5.075015012395393
11,7.525497177971734
12,8.220292283074043
