Month,bias
1,9.105424819
2,7.270101233
3,6.876634665
4,4.11906103
5,2.497643076
6,0.78915304
7,1.081381092
8,1.419113519
9,2.389361793
10,5.075015012
11,7.525497178
12,8.220292283
